zm_atkra_b2_zmbr,
zm_abandoned_base_b2_zmbr,
zm_base_day_b3_zmbr,
zm_bestzm,
zm_big_house_final,
zm_chicken_factory_b7_zmbr,
zm_crazycity_csgo,
zm_desert_fortress_b8_zmbr,
zm_desprerados_tmu,
zm_dust2_bf,
zm_dust2_shake_v2,
zm_floating_rock_ck,
zm_forgotten_town_go_b1_tio,
zm_fubar_towers_b3_zmbr,
zm_glass_world_v3,
zm_horror_tower,
zm_infected_school_v3,
zm_legendary_house_b5_zmbr,
zm_lila_panic_csgo,
zm_lila_panic_178_rework_refix,
zm_mercy_hospital_ck,
zm_miniature_room_b2_zmbr,
zm_neko_athletic_park_v2_dg,
zm_playtime_b2_zmbr,
zm_tmu_jailbreak_v2,
zm_wtfhax_b3_zmbr,
